<?xml version='1.0' encoding='UTF-8'?>
<edmx:Edmx Version="1.0"
    xmlns:edmx="http://schemas.microsoft.com/ado/2007/06/edmx">
    <edmx:DataServices m:DataServiceVersion="1.0"
        xmlns:m="http://schemas.microsoft.com/ado/2007/08/dataservices/metadata">
        <Schema Namespace="ESPM"
            xmlns="http://schemas.microsoft.com/ado/2008/09/edm">
            <EntityType Name="SalesOrderHeader">
                <Key>
                    <PropertyRef Name="SalesOrderId"/>
                </Key>
                <Property Name="CreatedAt" Type="Edm.DateTime" Nullable="true"/>
                <Property Name="CurrencyCode" Type="Edm.String" Nullable="true" MaxLength="5"/>
                <Property Name="CustomerId" Type="Edm.String" Nullable="true" MaxLength="10"/>
                <Property Name="GrossAmount" Type="Edm.Decimal" Nullable="true" Precision="15" Scale="3"/>
                <Property Name="LifeCycleStatus" Type="Edm.String" Nullable="false" MaxLength="1"/>
                <Property Name="LifeCycleStatusName" Type="Edm.String" Nullable="false" MaxLength="255"/>
                <Property Name="NetAmount" Type="Edm.Decimal" Nullable="true" Precision="15" Scale="3"/>
                <Property Name="SalesOrderId" Type="Edm.String" Nullable="false" MaxLength="10"/>
                <Property Name="TaxAmount" Type="Edm.Decimal" Nullable="true" Precision="15" Scale="3"/>
                <NavigationProperty Name="Customer" Relationship="ESPM.Customer_SalesOrderHeader" FromRole="SalesOrderHeader" ToRole="Customer"/>
                <NavigationProperty Name="Items" Relationship="ESPM.SalesOrderHeader_SalesOrderItem" FromRole="SalesOrderHeader" ToRole="SalesOrderItem"/>
            </EntityType>
            <EntityType Name="ProductCategory">
                <Key>
                    <PropertyRef Name="Category"/>
                </Key>
                <Property Name="Category" Type="Edm.String" Nullable="false" MaxLength="40"/>
                <Property Name="CategoryName" Type="Edm.String" Nullable="true" MaxLength="40"/>
                <Property Name="MainCategory" Type="Edm.String" Nullable="true" MaxLength="40"/>
                <Property Name="MainCategoryName" Type="Edm.String" Nullable="true" MaxLength="40"/>
                <Property Name="NumberOfProducts" Type="Edm.Int64" Nullable="true"/>
                <Property Name="UpdatedTimestamp" Type="Edm.DateTime"/>
            </EntityType>
            <EntityType Name="Supplier">
                <Key>
                    <PropertyRef Name="SupplierId"/>
                </Key>
                <Property Name="City" Type="Edm.String" Nullable="true" MaxLength="40"/>
                <Property Name="Country" Type="Edm.String" Nullable="true" MaxLength="3"/>
                <Property Name="EmailAddress" Type="Edm.String" Nullable="true" MaxLength="255"/>
                <Property Name="HouseNumber" Type="Edm.String" Nullable="true" MaxLength="10"/>
                <Property Name="PhoneNumber" Type="Edm.String" Nullable="true" MaxLength="30"/>
                <Property Name="PostalCode" Type="Edm.String" Nullable="true" MaxLength="10"/>
                <Property Name="Street" Type="Edm.String" Nullable="true" MaxLength="60"/>
                <Property Name="SupplierId" Type="Edm.String" Nullable="false" MaxLength="10"/>
                <Property Name="SupplierName" Type="Edm.String" Nullable="true" MaxLength="80"/>
                <Property Name="UpdatedTimestamp" Type="Edm.DateTime"/>
                <NavigationProperty Name="Products" Relationship="ESPM.Product_Supplier" FromRole="Supplier" ToRole="Product"/>
            </EntityType>
            <EntityType Name="SalesOrderItem">
                <Key>
                    <PropertyRef Name="ItemNumber"/>
                    <PropertyRef Name="SalesOrderId"/>
                </Key>
                <Property Name="CurrencyCode" Type="Edm.String" Nullable="true" MaxLength="5"/>
                <Property Name="DeliveryDate" Type="Edm.DateTime" Nullable="true"/>
                <Property Name="GrossAmount" Type="Edm.Decimal" Nullable="true" Precision="15" Scale="3"/>
                <Property Name="ItemNumber" Type="Edm.Int32" Nullable="false"/>
                <Property Name="SalesOrderId" Type="Edm.String" Nullable="false" MaxLength="10"/>
                <Property Name="NetAmount" Type="Edm.Decimal" Nullable="true" Precision="15" Scale="3"/>
                <Property Name="ProductId" Type="Edm.String" Nullable="true" MaxLength="10"/>
                <Property Name="Quantity" Type="Edm.Decimal" Nullable="true" Precision="13" Scale="3"/>
                <Property Name="QuantityUnit" Type="Edm.String" Nullable="true" MaxLength="3"/>
                <Property Name="TaxAmount" Type="Edm.Decimal" Nullable="true" Precision="15" Scale="3"/>
                <NavigationProperty Name="Product" Relationship="ESPM.Product_SalesOrderItem" FromRole="SalesOrderItem" ToRole="Product"/>
                <NavigationProperty Name="Header" Relationship="ESPM.SalesOrderHeader_SalesOrderItem" FromRole="SalesOrderItem" ToRole="SalesOrderHeader"/>
            </EntityType>
            <EntityType Name="Customer">
                <Key>
                    <PropertyRef Name="CustomerId"/>
                </Key>
                <Property Name="City" Type="Edm.String" Nullable="true" MaxLength="40"/>
                <Property Name="Country" Type="Edm.String" Nullable="true" MaxLength="3"/>
                <Property Name="CustomerId" Type="Edm.String" Nullable="false" MaxLength="10"/>
                <Property Name="DateOfBirth" Type="Edm.DateTime" Nullable="false"/>
                <Property Name="EmailAddress" Type="Edm.String" Nullable="true" MaxLength="255"/>
                <Property Name="FirstName" Type="Edm.String" Nullable="true" MaxLength="40"/>
                <Property Name="HouseNumber" Type="Edm.String" Nullable="true" MaxLength="10"/>
                <Property Name="LastName" Type="Edm.String" Nullable="true" MaxLength="40"/>
                <Property Name="PhoneNumber" Type="Edm.String" Nullable="true" MaxLength="30"/>
                <Property Name="PostalCode" Type="Edm.String" Nullable="true" MaxLength="10"/>
                <Property Name="Street" Type="Edm.String" Nullable="true" MaxLength="60"/>
                <Property Name="UpdatedTimestamp" Type="Edm.DateTime"/>
            </EntityType>
            <EntityType Name="Stock">
                <Key>
                    <PropertyRef Name="ProductId"/>
                </Key>
                <Property Name="LotSize" Type="Edm.Decimal" Nullable="true" Precision="13" Scale="3"/>
                <Property Name="MinStock" Type="Edm.Decimal" Nullable="true" Precision="13" Scale="3"/>
                <Property Name="ProductId" Type="Edm.String" Nullable="false" MaxLength="255"/>
                <Property Name="Quantity" Type="Edm.Decimal" Nullable="true" Precision="13" Scale="3"/>
                <Property Name="QuantityLessMin" Type="Edm.Boolean" Nullable="true"/>
                <Property Name="UpdatedTimestamp" Type="Edm.DateTime"/>
                <NavigationProperty Name="Product" Relationship="ESPM.Product_Stock" FromRole="Stock" ToRole="Product"/>
            </EntityType>
            <EntityType Name="Product">
                <Key>
                    <PropertyRef Name="ProductId"/>
                </Key>
                <Property Name="Category" Type="Edm.String" Nullable="true" MaxLength="40"/>
                <Property Name="CategoryName" Type="Edm.String" Nullable="true" MaxLength="40"/>
                <Property Name="CurrencyCode" Type="Edm.String" Nullable="true" MaxLength="5"/>
                <Property Name="DimensionDepth" Type="Edm.Decimal" Nullable="true" Precision="13" Scale="4"/>
                <Property Name="DimensionHeight" Type="Edm.Decimal" Nullable="true" Precision="13" Scale="4"/>
                <Property Name="DimensionUnit" Type="Edm.String" Nullable="true" MaxLength="3"/>
                <Property Name="DimensionWidth" Type="Edm.Decimal" Nullable="true" Precision="13" Scale="4"/>
                <Property Name="LongDescription" Type="Edm.String" Nullable="true" MaxLength="255"/>
                <Property Name="Name" Type="Edm.String"/>
                <Property Name="PictureUrl" Type="Edm.String" Nullable="true" MaxLength="255"/>
                <Property Name="Price" Type="Edm.Decimal" Nullable="true" Precision="23" Scale="3"/>
                <Property Name="ProductId" Type="Edm.String" Nullable="false" MaxLength="10"/>
                <Property Name="QuantityUnit" Type="Edm.String" Nullable="true" MaxLength="3"/>
                <Property Name="ShortDescription" Type="Edm.String" Nullable="true" MaxLength="255"/>
                <Property Name="SupplierId" Type="Edm.String" Nullable="true" MaxLength="10"/>
                <Property Name="UpdatedTimestamp" Type="Edm.DateTime"/>
                <Property Name="Weight" Type="Edm.Decimal" Nullable="true" Precision="13" Scale="3"/>
                <Property Name="WeightUnit" Type="Edm.String" Nullable="true" MaxLength="3"/>
                <NavigationProperty Name="Supplier" Relationship="ESPM.Product_Supplier" FromRole="Product" ToRole="Supplier"/>
            </EntityType>
            <EntityType Name="PurchaseOrderItem">
                <Key>
                    <PropertyRef Name="ItemNumber"/>
                    <PropertyRef Name="PurchaseOrderId"/>
                </Key>
                <Property Name="CurrencyCode" Type="Edm.String" Nullable="true" MaxLength="5"/>
                <Property Name="GrossAmount" Type="Edm.Decimal" Nullable="true" Precision="15" Scale="3"/>
                <Property Name="NetAmount" Type="Edm.Decimal" Nullable="true" Precision="15" Scale="3"/>
                <Property Name="ProductId" Type="Edm.String" Nullable="true" MaxLength="10"/>
                <Property Name="ItemNumber" Type="Edm.Int32" Nullable="false"/>
                <Property Name="PurchaseOrderId" Type="Edm.String" Nullable="false" MaxLength="10"/>
                <Property Name="Quantity" Type="Edm.Decimal" Nullable="true" Precision="13" Scale="3"/>
                <Property Name="QuantityUnit" Type="Edm.String" Nullable="true" MaxLength="3"/>
                <Property Name="TaxAmount" Type="Edm.Decimal" Nullable="true" Precision="15" Scale="3"/>
                <NavigationProperty Name="Product" Relationship="ESPM.Product_PurchaseOrderItem" FromRole="PurchaseOrderItem" ToRole="Product"/>
                <NavigationProperty Name="Header" Relationship="ESPM.PurchaseOrderHeader_PurchaseOrderItem" FromRole="PurchaseOrderItem" ToRole="PurchaseOrderHeader"/>
            </EntityType>
            <EntityType Name="PurchaseOrderHeader">
                <Key>
                    <PropertyRef Name="PurchaseOrderId"/>
                </Key>
                <Property Name="CurrencyCode" Type="Edm.String" Nullable="true" MaxLength="5"/>
                <Property Name="GrossAmount" Type="Edm.Decimal" Nullable="true" Precision="15" Scale="3"/>
                <Property Name="NetAmount" Type="Edm.Decimal" Nullable="true" Precision="15" Scale="3"/>
                <Property Name="PurchaseOrderId" Type="Edm.String" Nullable="false" MaxLength="10"/>
                <Property Name="SupplierId" Type="Edm.String" Nullable="true" MaxLength="10"/>
                <Property Name="TaxAmount" Type="Edm.Decimal" Nullable="true" Precision="15" Scale="3"/>
                <NavigationProperty Name="Items" Relationship="ESPM.PurchaseOrderHeader_PurchaseOrderItem" FromRole="PurchaseOrderHeader" ToRole="PurchaseOrderItem"/>
            </EntityType>
            <EntityType Name="ProductText">
                <Key>
                    <PropertyRef Name="Id"/>
                </Key>
                <Property Name="Id" Type="Edm.Int64" Nullable="false"/>
                <Property Name="Language" Type="Edm.String" Nullable="true" MaxLength="2"/>
                <Property Name="LongDescription" Type="Edm.String" Nullable="true" MaxLength="255"/>
                <Property Name="Name" Type="Edm.String"/>
                <Property Name="ProductId" Type="Edm.String" Nullable="true" MaxLength="10"/>
                <Property Name="ShortDescription" Type="Edm.String" Nullable="true" MaxLength="255"/>
            </EntityType>
            <Association Name="SalesOrderHeader_SalesOrderItem">
                <End Type="ESPM.SalesOrderHeader" Multiplicity="1" Role="SalesOrderHeader"/>
                <End Type="ESPM.SalesOrderItem" Multiplicity="*" Role="SalesOrderItem"/>
                <ReferentialConstraint>
                    <Principal Role="SalesOrderHeader">
                        <PropertyRef Name="SalesOrderId"/>
                    </Principal>
                    <Dependent Role="SalesOrderItem">
                        <PropertyRef Name="SalesOrderId"/>
                    </Dependent>
                </ReferentialConstraint>
            </Association>
            <Association Name="PurchaseOrderHeader_PurchaseOrderItem">
                <End Type="ESPM.PurchaseOrderItem" Multiplicity="*" Role="PurchaseOrderItem"/>
                <End Type="ESPM.PurchaseOrderHeader" Multiplicity="1" Role="PurchaseOrderHeader"/>
                <ReferentialConstraint>
                    <Principal Role="PurchaseOrderHeader">
                        <PropertyRef Name="PurchaseOrderId"/>
                    </Principal>
                    <Dependent Role="PurchaseOrderItem">
                        <PropertyRef Name="PurchaseOrderId"/>
                    </Dependent>
                </ReferentialConstraint>
            </Association>
            <Association Name="Product_Supplier">
                <End Type="ESPM.Supplier" Multiplicity="1" Role="Supplier"/>
                <End Type="ESPM.Product" Multiplicity="*" Role="Product"/>
            </Association>
            <Association Name="Product_PurchaseOrderItem">
                <End Type="ESPM.PurchaseOrderItem" Multiplicity="1" Role="PurchaseOrderItem"/>
                <End Type="ESPM.Product" Multiplicity="1" Role="Product"/>
            </Association>
            <Association Name="Customer_SalesOrderHeader">
                <End Type="ESPM.SalesOrderHeader" Multiplicity="1" Role="SalesOrderHeader"/>
                <End Type="ESPM.Customer" Multiplicity="1" Role="Customer"/>
            </Association>
            <Association Name="Product_Stock">
                <End Type="ESPM.Stock" Multiplicity="1" Role="Stock"/>
                <End Type="ESPM.Product" Multiplicity="1" Role="Product"/>
            </Association>
            <Association Name="Product_SalesOrderItem">
                <End Type="ESPM.SalesOrderItem" Multiplicity="1" Role="SalesOrderItem"/>
                <End Type="ESPM.Product" Multiplicity="1" Role="Product"/>
            </Association>
            <EntityContainer Name="ESPMContainer" m:IsDefaultEntityContainer="true">
                <EntitySet Name="SalesOrderHeaders" EntityType="ESPM.SalesOrderHeader"/>
                <EntitySet Name="ProductCategories" EntityType="ESPM.ProductCategory"/>
                <EntitySet Name="Suppliers" EntityType="ESPM.Supplier"/>
                <EntitySet Name="SalesOrderItems" EntityType="ESPM.SalesOrderItem"/>
                <EntitySet Name="Customers" EntityType="ESPM.Customer"/>
                <EntitySet Name="Stock" EntityType="ESPM.Stock"/>
                <EntitySet Name="Products" EntityType="ESPM.Product"/>
                <EntitySet Name="PurchaseOrderItems" EntityType="ESPM.PurchaseOrderItem"/>
                <EntitySet Name="PurchaseOrderHeaders" EntityType="ESPM.PurchaseOrderHeader"/>
                <EntitySet Name="ProductTexts" EntityType="ESPM.ProductText"/>
                <AssociationSet Name="SalesOrderHeader_SalesOrderItemSet" Association="ESPM.SalesOrderHeader_SalesOrderItem">
                    <End EntitySet="SalesOrderHeaders" Role="SalesOrderHeader"/>
                    <End EntitySet="SalesOrderItems" Role="SalesOrderItem"/>
                </AssociationSet>
                <AssociationSet Name="PurchaseOrderHeader_PurchaseOrderItemSet" Association="ESPM.PurchaseOrderHeader_PurchaseOrderItem">
                    <End EntitySet="PurchaseOrderItems" Role="PurchaseOrderItem"/>
                    <End EntitySet="PurchaseOrderHeaders" Role="PurchaseOrderHeader"/>
                </AssociationSet>
                <AssociationSet Name="Product_SupplierSet" Association="ESPM.Product_Supplier">
                    <End EntitySet="Suppliers" Role="Supplier"/>
                    <End EntitySet="Products" Role="Product"/>
                </AssociationSet>
                <AssociationSet Name="Product_PurchaseOrderItemSet" Association="ESPM.Product_PurchaseOrderItem">
                    <End EntitySet="PurchaseOrderItems" Role="PurchaseOrderItem"/>
                    <End EntitySet="Products" Role="Product"/>
                </AssociationSet>
                <AssociationSet Name="Customer_SalesOrderHeaderSet" Association="ESPM.Customer_SalesOrderHeader">
                    <End EntitySet="SalesOrderHeaders" Role="SalesOrderHeader"/>
                    <End EntitySet="Customers" Role="Customer"/>
                </AssociationSet>
                <AssociationSet Name="Product_StockSet" Association="ESPM.Product_Stock">
                    <End EntitySet="Stock" Role="Stock"/>
                    <End EntitySet="Products" Role="Product"/>
                </AssociationSet>
                <AssociationSet Name="Product_SalesOrderItemSet" Association="ESPM.Product_SalesOrderItem">
                    <End EntitySet="SalesOrderItems" Role="SalesOrderItem"/>
                    <End EntitySet="Products" Role="Product"/>
                </AssociationSet>
            </EntityContainer>
        </Schema>
    </edmx:DataServices>
</edmx:Edmx>